Timestamp,Temp Downspout,Temp Zone 1,Temp Zone 2,Temp Zone 3,Temp Zone 4,Die Temp,Bin Feeder RPM,Extruder Load,Extruder RPM,Knife RPM,Extruder Water,Cylinder Water,Extruder Steam,Cylinder Steam,ts,Bulk Density,WHC,In-barrel MC,Time(min),SME-Load,SME-Watt,Raw Material Moisture,group,Score_semi_sup_CV,Score_unsup_CV,Score
2024-01-01 00:00:00,25.9344264,28.989377216666664,49.912297466666665,78.8355947,106.48352648333334,148.73239891666665,13.897628416666667,31.50461675,356.9388455833334,366.79579958333335,5.639876016666666,9.958150700000001,0.22992856666666667,0.0507716,901,238.0,272.2,0.2972600575733602,0,206.23512318064596,726.6717384000001,0.0829741293043495,FBC + PPI + SPC,6.0816827,7.684829833454018,6.0
2024-01-01 00:01:00,25.936661616666665,28.990393199999996,49.9122975,82.28373541666666,101.3163102,148.8977916,14.026053466666667,31.646530283333334,356.8470883,367.23552656666664,5.54694535,9.307181816666667,0.6073711166666667,0.03563701666666667,901,238.0,272.2,0.2972600575733602,1,206.18210688705636,732.1228548000001,0.0829741293043495,FBC + PPI + SPC,6.375654,7.02946527643924,6.5
2024-01-01 00:02:00,25.937068016666668,28.992831616666667,49.91331343333333,82.27276245,101.08248946666667,148.8228163,14.135817833333334,31.681068916666668,356.8224705,366.99367686666665,5.710894916666667,9.441981766666666,0.5710552999999999,0.0377499,901,238.0,272.2,0.2972600575733602,2,206.167883007873,733.8085236000002,0.0829741293043495,FBC + PPI + SPC,6.6696253,6.37410071942446,7.0
2024-01-01 00:03:00,25.9362552,28.989783583333335,49.0408067,77.88440471666667,103.22933355,148.06615481666668,14.265380816666667,31.79362445,356.9366075666667,366.9692476166667,5.804096583333333,9.402693300000001,0.13051776666666667,0.04847591666666666,901,238.0,272.2,0.2972600575733602,3,206.23383008058514,738.3504684000001,0.0829741293043495,FBC + PPI + SPC,6.67186335,6.6705330741808595,7.0
2024-01-01 00:04:00,25.9348328,28.991409233333332,48.9174691,79.04184506666667,104.94611871666666,147.3375328333333,14.385840949999999,32.01792253333333,356.9263768666667,367.0352064666667,5.78465695,9.390974533333333,0.11523068333333333,0.044372383333333335,901,238.0,272.2,0.2972600575733602,4,206.22791890083872,750.5598828000001,0.0829741293043495,FBC + PPI + SPC,6.6741014,6.96696542893726,7.0
2024-01-01 00:05:00,25.933207200000002,29.558963249999998,48.91706273333333,83.64153385,108.73417965,146.67108591666664,15.8014754,32.08567895,356.8109609,367.1573528,5.773311566666666,8.80737195,0.18399658333333332,0.08485968333333332,901,238.0,272.2,0.2972600575733602,5,206.1612328945465,751.0476324,0.0829741293043495,FBC + PPI + SPC,6.37789205,7.002644697095099,6.5
2024-01-01 00:06:00,25.933004,29.944038383333332,49.21738056666666,80.9700321,108.33499786666667,147.88308501666668,15.4590589,32.98998281666667,356.86754994999995,366.9374895,5.8447367166666675,8.972214083333334,0.16004425,1.0244005166666665,901,238.0,272.2,0.2972600575733602,6,206.19392939099632,790.3877832000001,0.0829741293043495,FBC + PPI + SPC,6.0816827,7.038323965252938,6.0
2024-01-01 00:07:00,25.931378399999996,28.96235078333333,49.91311028333333,77.78585151666667,106.72222268333333,147.91295313333333,13.989035533333332,33.35121673333334,356.93309075,366.87885924999995,6.267124533333333,9.101967466666668,0.0305963,0.8692357666666666,901,238.0,272.2,0.2972600575733602,7,206.23179810472308,805.3325136000001,0.0829741293043495,FBC + PPI + SPC,6.095413000000001,7.041226400582341,6.0
2024-01-01 00:08:00,25.935036,27.994684266666663,50.63688033333333,76.95333179999999,106.83456240000001,151.34617283333333,13.6080842,33.22261101666667,356.82918451666666,367.3601156833334,6.1894678,9.144338,0.07699513333333334,0.18306158333333336,901,238.0,272.2,0.2972600575733602,8,206.1717622887958,799.7760492000001,0.0829741293043495,FBC + PPI + SPC,6.1091433,7.044128835911742,6.0
2024-01-01 00:09:00,25.9323944,27.995293866666668,50.91769188333333,77.75537106666667,110.71952538333333,148.38393638333335,13.379680299999999,32.917756266666665,356.80712435,370.0448918833334,6.0209462,8.965440150000001,0.022644616666666666,0.10960321666666667,901,238.0,272.2,0.2972600575733602,9,206.15901618047448,785.9199756,0.0829741293043495,FBC + PPI + SPC,6.1091433,7.044128835911742,6.0
2024-01-01 00:00:00,25.9352392,28.990190016666666,49.911281583333334,81.90171533333334,111.35496605,142.33979103333334,13.238663166666667,28.04018776666667,455.4627042,366.7884708,12.616401,8.14126445,0.021411766666666665,0.04183318333333333,902,268.5,181.9,0.3740367129918344,0,272.08679678282607,657.4343532,0.0829741293043495,FBC + PPI + SPC,6.203516,6.570227670753065,6.0
2024-01-01 00:01:00,25.9328008,28.991206033333334,49.91270385,74.69311348333333,114.04055636666666,143.48209683333334,13.313457616666666,27.8530697,455.4607859,366.81045731666666,12.436160683333332,8.870368966666666,0.042026600000000004,0.034844766666666666,902,268.5,181.9,0.3740367129918344,1,272.0856508182993,651.4330536,0.0829741293043495,FBC + PPI + SPC,6.142599349999999,6.6949598033620354,6.0
2024-01-01 00:02:00,25.937677599999997,28.9893772,49.91209435,79.7567114,108.43758675,142.89895601666666,13.3552546,27.825540316666668,455.46142533333335,366.80312843333337,11.820390416666667,8.32260035,0.04351471666666667,0.03236625,902,268.5,181.9,0.3740367129918344,2,272.0860328064749,649.9385808000001,0.0829741293043495,FBC + PPI + SPC,6.0816827,6.819691935971006,6.0
2024-01-01 00:03:00,25.936052016666668,28.990393216666668,49.91168793333333,85.10255945,105.51391121666667,142.90058148333335,13.295176166666666,27.847787383333333,455.45822816666674,366.67609618333336,11.64431575,7.9272778,0.07744416666666668,0.03978138333333334,902,268.5,181.9,0.3740367129918344,3,272.084122865597,652.1471208,0.0829741293043495,FBC + PPI + SPC,6.095413000000001,6.8120806048570115,6.0
2024-01-01 00:04:00,25.9346296,29.2695981,49.912907016666665,77.11142361666666,110.88122953333333,143.8045513333333,13.440213833333333,28.8144627,455.46302391666666,366.62235185000003,11.514266450000001,7.597322950000001,0.17344708333333334,0.04100035,902,268.5,181.9,0.3740367129918344,4,272.0869877769139,693.3719352,0.0829741293043495,FBC + PPI + SPC,6.1091433,6.804469273743017,6.0
2024-01-01 00:05:00,25.935239216666666,29.324260466666665,49.03145981666667,74.504339,115.06217791666667,144.75261238333331,13.366708866666666,28.209325583333335,455.4611056166667,366.63456648333334,12.2607974,10.188431133333333,0.32993845,0.034357149999999996,902,268.5,181.9,0.3740367129918344,5,272.0858418123871,664.1107044,0.0829741293043495,FBC + PPI + SPC,5.80448535,6.709229925019388,5.5
2024-01-01 00:06:00,25.9344264,28.987751633333335,48.91543718333333,83.63828286666667,109.6296472,144.00509491666668,13.4311111,26.873086983333334,455.46366335000005,366.6247946666667,13.165758283333334,10.132848966666668,0.2508164,0.03551518333333333,902,268.5,181.9,0.3740367129918344,6,272.0873697650894,612.2138952000001,0.0829741293043495,FBC + PPI + SPC,5.4998274,6.613990576295759,5.0
2024-01-01 00:07:00,25.935645599999997,28.9914092,48.91604675,81.1541338,104.14206765,140.2555201,13.5616599,26.11496415,455.46366335000005,366.74205520000004,13.4379142,8.868370650000001,0.021350116666666665,0.04238155,902,268.5,181.9,0.3740367129918344,7,272.0873697650894,584.0335452,0.0829741293043495,FBC + PPI + SPC,5.9961953,6.8958760489379305,5.5
2024-01-01 00:08:00,25.9352392,28.9899868,49.76762476666667,73.17336446666667,105.3186883,136.86883491666669,13.415712266666667,26.848909900000002,455.4620647666667,366.80068545,14.232943449999999,8.782511933333334,0.08053510000000001,0.039882966666666665,902,268.5,181.9,0.3740367129918344,8,272.08641479465047,612.40119,0.0829741293043495,FBC + PPI + SPC,6.4925632,7.177761521580102,6.0
2024-01-01 00:09:00,25.934019999999997,28.9879548,49.90904643333333,77.87180691666667,112.45378283333334,136.96839546666666,13.674003466666667,27.262560633333333,455.4588676,366.7664844166667,13.9850365,8.637347966666665,0.5238902,0.033402266666666666,902,268.5,181.9,0.3740367129918344,9,272.08450485377256,627.1078944000001,0.0829741293043495,FBC + PPI + SPC,6.4925632,7.177761521580102,6.0
2024-01-01 00:00:00,25.9323944,28.99120601666667,49.91229751666666,82.90858281666667,110.57651030000001,131.368625,13.843163299999999,26.242960233333335,455.4697379666667,363.9351328666667,19.077062166666668,8.51379275,0.12411596666666667,0.04380373333333333,903,333.0,134.5,0.4034108227158677,0,255.8491176763741,589.5861060000001,0.0829741293043495,FBC + PPI + SPC,6.0816827,7.372249004401593,6.0
2024-01-01 00:01:00,25.901304633333332,28.990190016666666,49.3474235,77.87261903333334,110.8952463,130.95026801666666,14.074070683333334,26.281562183333335,455.4719759833333,363.39036025,18.95178735,8.86081785,0.2220032,0.042767483333333335,903,333.0,134.5,0.4034108227158677,1,255.85037482814903,590.6903796,0.0829741293043495,FBC + PPI + SPC,5.81079085,7.181351232511059,5.5
2024-01-01 00:02:00,25.729803,28.989174,48.91401483333333,75.98568271666666,110.10968073333333,130.95006481666667,14.070732933333334,26.2975111,455.4719759833333,364.37241665,18.712041566666667,8.344920266666668,0.0193775,0.06724686666666665,903,333.0,134.5,0.4034108227158677,2,255.85037482814903,592.7194224,0.0829741293043495,FBC + PPI + SPC,5.539899,6.990453460620525,5.0
2024-01-01 00:03:00,25.890128583333333,29.4092005,48.91462441666667,79.98307825,109.89129883333334,130.93320051666666,14.192406966666665,26.276178233333333,455.47325485,366.19483973333337,19.187130649999997,9.0512989,0.46360453333333335,0.033442900000000005,903,333.0,134.5,0.4034108227158677,3,255.85109320059186,590.8581612,0.0829741293043495,FBC + PPI + SPC,6.2474989999999995,6.750251855938403,6.0
2024-01-01 00:04:00,25.934019999999997,29.85259575,49.04324503333333,83.5206284,110.48936065,131.28613206666668,14.270008133333333,25.92063368333333,455.4716562666667,366.52463473333336,18.99825325,9.0516715,0.07047871666666666,0.03835935,903,333.0,134.5,0.4034108227158677,4,255.8501952350383,576.9787056000001,0.0829741293043495,FBC + PPI + SPC,6.955099,6.510050251256281,7.0
2024-01-01 00:05:00,25.9344264,28.992018816666665,49.913110216666674,80.95235346666666,110.50987843333333,130.89947188333332,14.319921583333333,25.780143016666667,455.47453370000005,363.8862743166667,18.878024733333334,9.111992866666666,0.26767108333333334,0.04240185,903,333.0,134.5,0.4034108227158677,5,255.85181156367256,572.9010900000001,0.0829741293043495,FBC + PPI + SPC,6.775214999999999,6.5901998046368,6.5
2024-01-01 00:06:00,25.9325976,28.992628416666665,49.9131102,77.03461275,110.2744322,130.32141125,14.392895583333335,25.744588433333334,455.474214,364.1452245666667,18.886898016666667,8.781326533333333,0.12438003333333333,0.03616531666666667,903,333.0,134.5,0.4034108227158677,6,255.85163197992395,570.0565320000001,0.0829741293043495,FBC + PPI + SPC,6.595331,6.670349358017319,6.0
2024-01-01 00:07:00,25.935036,28.04934666666667,49.91493893333333,76.17242558333334,110.89402756666667,129.90569531666668,14.357546500000002,26.54395421666667,455.4758125833333,362.9897203333333,18.930586650000002,9.015736333333333,0.17028568333333333,0.03360548333333333,903,333.0,134.5,0.4034108227158677,7,255.85252994547747,601.4131164000001,0.0829741293043495,FBC + PPI + SPC,6.2490515,6.840303558545745,5.5
2024-01-01 00:08:00,25.934426416666668,27.996513033333333,49.31369366666667,79.1824611,110.8950433,130.85030118333333,13.99851755,26.590886183333335,455.4761323,362.9604052166667,18.972852866666667,9.204862499999999,0.02203701666666667,0.04083773333333333,903,333.0,134.5,0.4034108227158677,8,255.85270953858816,601.8501348000001,0.0829741293043495,FBC + PPI + SPC,5.902772,7.010257759074171,5.0
2024-01-01 00:09:00,25.9317848,28.227761416666667,48.91503075,82.88948166666667,110.05848803333333,130.90109735,13.869940733333333,26.23107483333333,455.4722957,363.1924833,18.128713316666666,8.956193883333333,0.11423556666666666,0.04274728333333333,903,333.0,134.5,0.4034108227158677,9,255.85055442125974,589.8904644,0.0829741293043495,FBC + PPI + SPC,5.902772,7.010257759074171,5.0
2024-01-01 00:00:00,27.44827498333333,28.991815616666667,49.91189106666666,81.64710216666667,111.09859575,164.29863291666666,13.242380133333334,34.24302558333333,455.46749995000005,368.1931537,13.322664766666666,8.908742983333333,0.022486116666666667,0.037506116666666665,904,151.0,484.6,0.3567719286087125,0,438.3720322112567,895.9764924,0.066415761465983,FBC + SPI + SPC,6.6815624,6.18625,7.0
2024-01-01 00:01:00,27.930064599999998,28.993847666666667,49.5264357,79.72297941666667,112.01011223333333,161.10354013333333,13.1911011,35.13219348333333,455.29581283333334,367.7778562666666,13.281888483333335,8.8490652,0.0196945,0.06348856666666666,904,151.0,484.6,0.3567719286087125,1,438.20678918020417,934.5167604,0.066415761465983,FBC + SPI + SPC,6.3816225499999994,6.65101842629482,6.5
2024-01-01 00:02:00,27.9308774,28.992222050000002,48.914624483333334,79.82762851666666,118.84435268333333,161.0637152666667,13.326808366666667,34.63371888333334,455.46845909999996,367.0767363833333,13.8831981,8.695874366666667,0.0211212,0.040248599999999995,904,151.0,484.6,0.3567719286087125,2,438.3729553606246,914.6086512,0.066415761465983,FBC + SPI + SPC,6.0816827,7.1157868525896415,6.0
2024-01-01 00:03:00,27.9316902,28.991815616666667,49.24562435,82.70151938333333,118.67878851666667,162.35617828333335,13.527676416666667,34.45046073333333,455.46526193333335,367.057193,14.043220116666667,8.438568933333332,0.06553851666666667,0.038968616666666664,904,151.0,484.6,0.3567719286087125,3,438.3698781960648,906.9255636,0.066415761465983,FBC + SPI + SPC,5.99222735,7.041984335385729,6.0
2024-01-01 00:04:00,27.931487,28.990799583333335,49.91250071666666,81.43699111666666,118.11871448333333,164.93135218333333,13.636985466666667,34.582317200000006,455.4620647666667,367.9806190333333,13.718299433333334,8.684020016666667,0.02076005,0.5554732333333334,904,151.0,484.6,0.3567719286087125,4,438.366801031505,911.2646064,0.066415761465983,FBC + SPI + SPC,5.902772,6.968181818181818,6.0
2024-01-01 00:05:00,27.931080599999998,28.992222016666666,49.9120943,81.19314826666667,118.84435260000001,166.69683236666665,13.627655166666667,34.80539658333333,455.3862922333334,369.0970364666666,14.173066400000002,8.925440516666667,0.16871815,0.8098962333333333,904,151.0,484.6,0.3567719286087125,5,438.2938725362188,921.8507976,0.066415761465983,FBC + SPI + SPC,5.902772,7.044740728585493,5.5
2024-01-01 00:06:00,27.931080599999998,29.694298366666665,49.84524413333334,80.46852865000001,118.75293691666667,167.67699981666667,13.4236012,34.7690294,455.40067933333336,367.79495665,13.987542633333334,8.830877433333335,0.02231,0.22734805,904,151.0,484.6,0.3567719286087125,6,438.307719632368,918.0190176,0.066415761465983,FBC + SPI + SPC,5.902772,7.12129963898917,5.0
2024-01-01 00:07:00,27.931487,28.991409183333335,48.91543720000001,79.95645859999999,119.04790516666667,167.89440841666666,13.22811915,33.9358344,455.4585478833333,367.58486496666666,13.77509455,8.935432083333334,0.022970349999999997,1.6518448,904,151.0,484.6,0.3567719286087125,7,438.3634161504893,886.7755188,0.066415761465983,FBC + SPI + SPC,5.902772,7.1913764336007,5.0
2024-01-01 00:08:00,27.931487,28.276530816666664,49.46385256666667,79.28812631666666,118.68244513333335,167.91269516666668,13.229408683333334,34.41043645,455.45758873333335,369.64180906666667,13.324527100000001,8.726796866666666,0.02039021666666667,0.24140593333333332,904,151.0,484.6,0.3567719286087125,8,438.36249300112127,906.2661216,0.066415761465983,FBC + SPI + SPC,5.902772,7.261453228212232,5.0
2024-01-01 00:09:00,27.932503,27.995700283333335,49.91087518333333,78.95507788333333,117.89972295000001,168.4115161,13.13087105,35.52166806666666,455.06050215,370.8412859666667,13.444009933333332,9.76360515,0.06801291666666667,0.04282838333333334,904,151.0,484.6,0.3567719286087125,9,437.980310622535,948.11922,0.066415761465983,FBC + SPI + SPC,5.902772,7.261453228212232,5.0
2024-01-01 00:00:00,28.8942544,27.99468425,49.91331348333333,78.95467146666667,96.88610918333333,143.48677008333334,13.457281533333335,36.46528551666667,323.0162119166667,370.2354402,13.636510383333333,9.353650616666666,0.019870583333333334,1.4160300166666666,905,174.0,426.9,0.3549469162364922,0,226.99497955139677,772.4525315999999,0.066415761465983,FBC + SPI + SPC,6.1091433,6.60814859197124,6.0
2024-01-01 00:01:00,28.35963195,27.99448105,49.91331348333333,78.53790331666666,95.35886045000001,151.06638728333334,13.5778175,36.64976278333334,322.9749692,371.11733664999997,13.450647983333333,9.268875616666666,0.04195618333333333,1.1222977,905,174.0,426.9,0.3549469162364922,1,226.96599682767882,781.692516,0.066415761465983,FBC + SPI + SPC,6.445758850000001,6.581852073763398,6.0
2024-01-01 00:02:00,28.9277826,28.958489866666664,49.911891116666666,79.60166745,96.46945736666666,149.90030733333333,13.593443866666666,36.87995286666667,322.87426045000007,371.6083649333333,13.127420883333334,9.3463686,0.1367085,1.04489825,905,174.0,426.9,0.3549469162364922,2,226.89522520754477,790.8661559999999,0.066415761465983,FBC + SPI + SPC,6.7823744,6.555555555555555,6.0
2024-01-01 00:03:00,28.925547400000003,28.992222,49.67354676666666,79.90890925000001,100.17910035,145.25123094999998,13.225008983333334,36.739664999999995,322.9452361666667,371.20283903333336,12.401752216666667,9.188706833333333,0.021147633333333336,0.06476841666666668,905,174.0,426.9,0.3549469162364922,3,226.94510236775852,787.2450888000001,0.066415761465983,FBC + SPI + SPC,6.7282379,6.833528656733076,6.5
2024-01-01 00:04:00,28.9259538,28.99019,48.91624986666667,78.7868262,104.49919836666666,153.99631913333332,13.338110966666667,37.94862126666667,322.9919138166667,370.7215825,11.197000183333333,9.040528499999999,0.19623688333333333,0.040309583333333336,905,174.0,426.9,0.3549469162364922,4,226.97790441241253,839.1614412,0.066415761465983,FBC + SPI + SPC,6.6741014,7.111501757910598,7.0
2024-01-01 00:05:00,28.925141,28.99079963333333,48.91543718333333,78.0890292,113.01507526666667,155.1691036,13.069806583333333,37.31869618333334,322.87873633333334,371.72073943333334,12.601770750000002,9.838625933333333,0.18818821666666666,0.07411316666666666,905,174.0,426.9,0.3549469162364922,5,226.89837056993915,809.7246156,0.066415761465983,FBC + SPI + SPC,6.7282379,6.673081901485628,7.0
2024-01-01 00:06:00,28.926360199999998,29.6597534,48.948760666666665,79.37286169999999,112.51106995,156.50179584999998,12.936754333333333,35.776238649999996,322.89152485,369.87388699999997,13.19319065,9.719304066666666,0.08971978333333334,0.0384203,905,174.0,426.9,0.3549469162364922,6,226.9073575153993,739.1176044,0.066415761465983,FBC + SPI + SPC,6.7823744,6.2346620450606585,7.0
2024-01-01 00:07:00,28.38706415,26.84718065,48.40766023333333,78.30523655,105.68252235,143.47336001666665,12.894047183333333,36.32834966666667,323.5389388666666,368.59135058333334,13.59302505,8.588305266666667,0.155113,0.050406016666666664,905,174.0,426.9,0.3549469162364922,7,227.3623183689197,766.1976023999999,0.066415761465983,FBC + SPI + SPC,6.7823744,6.394617158223545,7.0
2024-01-01 00:08:00,27.930471,26.997959366666667,48.41233366666667,80.31937816666667,105.74691958333332,143.21368953333334,12.864387266666666,36.2116294,323.56355661666663,370.87548688333334,13.489933783333333,8.868540266666667,0.1606872,0.043681616666666666,905,174.0,426.9,0.3549469162364922,8,227.37961813732664,764.8631088,0.066415761465983,FBC + SPI + SPC,6.7823744,6.554572271386431,7.0
2024-01-01 00:09:00,28.013377083333335,27.099359083333333,49.32771391666667,80.73695903333333,108.26877231666667,142.64924216666668,12.862718466666667,36.58891363333333,323.56515514999995,370.25742664999996,13.24832625,9.56431785,0.05142253333333333,0.037628,905,174.0,426.9,0.3549469162364922,9,227.38074148354866,780.2214552,0.066415761465983,FBC + SPI + SPC,6.7823744,6.554572271386431,7.0
2024-01-01 00:00:00,27.9298614,27.8038739,49.66196485,77.80292053333332,110.89037095,148.068593,13.870623466666666,33.17994556666667,365.29035923333333,366.82511485000003,18.710788533333336,8.9155508,0.658402,0.043681700000000004,906,210.0,260.8,0.3948373169068225,0,232.22977992750737,831.8857524,0.066415761465983,FBC + SPI + SPC,5.1242294,5.55268022181146,4.0
2024-01-01 00:01:00,27.930267800000003,27.99346501666667,49.77961306666667,78.98657421666667,111.2265776,149.71337661666666,13.965899233333333,32.5818169,365.2251379333333,366.80801421666666,19.336349483333333,8.932925533333334,0.01891955,0.039883,906,210.0,260.8,0.3948373169068225,1,232.18831612272098,805.6719948000001,0.066415761465983,FBC + SPI + SPC,5.9533019,5.972278433583428,5.5
2024-01-01 00:02:00,27.9298614,27.993058650000002,48.49604875,77.40545681666666,111.54632951666666,148.96077883333334,13.9781121,32.501768483333336,365.3466285,366.8519869333333,19.0153224,8.384987683333334,0.07091015,0.035149483333333335,906,210.0,260.8,0.3948373169068225,2,232.26555256449157,803.4634524,0.066415761465983,FBC + SPI + SPC,6.7823744,6.391876645355397,7.0
2024-01-01 00:03:00,27.930267800000003,27.9948875,47.91410665,76.2569577,109.69810708333333,149.75157528333335,14.207047066666666,33.0687106,365.35717893333333,366.9155032,18.910706633333334,8.07406725,0.4850382833333333,0.04091893333333333,906,210.0,260.8,0.3948373169068225,3,232.2722598994902,827.5389072,0.066415761465983,FBC + SPI + SPC,6.1411009,6.678706846514574,6.5
2024-01-01 00:04:00,27.932503,28.561019166666664,48.645801350000006,78.45377753333334,108.90380653333334,150.26360213333334,14.123073883333335,33.00816653333333,365.24464036666666,366.9619188166667,18.60366655,7.896084083333333,0.9316784833333334,0.04481923333333333,906,210.0,260.8,0.3948373169068225,4,232.2007146043304,823.3091124,0.066415761465983,FBC + SPI + SPC,5.4998274,6.965537047673751,6.0
2024-01-01 00:05:00,27.929455,28.988564366666665,48.9127957,79.957881,109.64407021666666,151.61234546666665,14.405032516666667,33.88087718333333,365.3050658833333,366.99611988333334,17.497395083333334,7.627906966666667,0.8897703833333334,0.03864378333333333,906,210.0,260.8,0.3948373169068225,5,232.23912953667892,862.3137084000001,0.066415761465983,FBC + SPI + SPC,5.7896664,6.669554820737364,5.5
2024-01-01 00:06:00,27.9312838,28.9887676,48.91259253333333,78.84453566666666,111.3803591,156.61862766666667,14.434313183333334,34.19223316666667,365.39042905,366.9668046833333,16.96270043333333,7.282711066666667,0.18820588333333335,0.035068216666666666,906,210.0,260.8,0.3948373169068225,6,232.29339833657423,874.8782136000001,0.066415761465983,FBC + SPI + SPC,6.0795054,6.373572593800978,5.0
2024-01-01 00:07:00,27.930267800000003,28.9910028,48.91320205,78.03558695,111.37710886666667,159.91409185,14.342526833333332,33.78325468333333,365.2807678666667,366.85687283333334,17.53241428333333,8.5143354,0.37400363333333336,0.04114243333333333,906,210.0,260.8,0.3948373169068225,7,232.2236823097797,857.7093264,0.066415761465983,FBC + SPI + SPC,5.7896664,6.729089013588717,4.5
2024-01-01 00:08:00,27.9312838,28.989783616666667,49.397002433333334,79.6049187,109.64264838333334,158.9513992833333,14.12808045,32.472715183333335,365.2219408,366.87153045,18.692872666666666,9.853155716666667,0.80363945,0.04303166666666667,906,210.0,260.8,0.3948373169068225,8,232.18628357641464,801.5241552000001,0.066415761465983,FBC + SPI + SPC,5.4998274,7.084605433376455,4.0
2024-01-01 00:09:00,28.1958518,28.9907996,49.9104688,78.22009493333333,107.65120865,155.69982328333333,13.973864166666665,32.22088788333333,365.3418327833333,366.8617587666667,18.369203983333332,9.190095433333333,0.020099583333333334,0.03533236666666666,906,210.0,260.8,0.3948373169068225,9,232.26250373443642,788.6591892000001,0.066415761465983,FBC + SPI + SPC,5.4998274,7.084605433376455,4.0
2024-01-01 00:00:00,24.9344742,28.936950133333333,47.89724171666667,77.97300061666667,115.31976708333333,166.39733655,11.537278533333334,34.714478633333336,455.16153235,363.60045199999996,19.445605133333334,1.3734451166666666,0.21115411666666667,0.045875683333333334,907,265.0,181.1,0.3531529137561,0,420.4067818897636,914.8544712,0.0817418914461321,FBC + Gluten + SPC,6.955099,6.337903582485626,8.0
2024-01-01 00:01:00,24.937319000000002,28.157655433333332,46.924358500000004,77.9565412,115.65495813333334,168.22560133333334,11.539402466666667,33.72260896666667,455.3591164,366.54906409999995,19.70191235,1.5399120333333334,0.4323342,0.039415766666666664,907,265.0,181.1,0.3531529137561,1,420.58927902256033,878.1130392,0.0817418914461321,FBC + Gluten + SPC,6.8687366999999995,6.485815197650908,7.0
2024-01-01 00:02:00,24.9356934,28.704685783333332,47.78203181666667,77.9561348,115.86501121666667,167.66277688333332,11.576192983333334,32.83323815,455.38149648333336,365.8039714833333,20.04444515,1.5366606333333332,0.07023215000000001,0.036734166666666665,907,265.0,181.1,0.3531529137561,2,420.6099502307883,842.0739696,0.0817418914461321,FBC + Gluten + SPC,6.7823744,6.63372681281619,6.0
2024-01-01 00:03:00,24.933661400000002,27.99305863333333,47.91370023333334,77.95654121666666,114.27762785,167.43012933333333,11.72062365,33.5365065,455.46749995000005,362.12248153333337,19.72700785,1.4614710666666668,0.3402499166666667,0.043316099999999996,907,265.0,181.1,0.3531529137561,3,420.6893867342776,872.6775144000001,0.0817418914461321,FBC + Gluten + SPC,6.5384687,6.330078311087471,6.0
2024-01-01 00:04:00,24.934271000000003,28.870298633333334,47.30778176666667,78.25281038333334,113.89835423333334,165.86722525000002,11.889631816666668,33.862287450000004,455.3885302666667,362.1322532666666,19.892787783333333,1.3353423166666665,0.10069204999999999,0.044270866666666665,907,265.0,181.1,0.3531529137561,4,420.6164469358161,883.0256772,0.0817418914461321,FBC + Gluten + SPC,6.294563,6.026429809358752,6.0
2024-01-01 00:05:00,24.9338646,28.99079963333333,48.7788921,79.37184573333333,113.94020215,166.62266958333333,11.834484233333335,33.99262015,455.23506668333334,363.21446953333333,18.897430699999997,1.5938317833333333,0.0225917,0.0374249,907,265.0,181.1,0.3531529137561,5,420.4747013650221,889.4718144000001,0.0817418914461321,FBC + Gluten + SPC,5.917231,6.52299326191536,5.5
2024-01-01 00:06:00,24.933255,28.988767616666667,48.428995416666666,79.9576778,113.72385175,165.52973371666667,11.924525733333333,34.9384721,455.0521895666667,362.17866886666667,18.682306283333332,1.4456542333333333,0.0320053,0.03679511666666667,907,265.0,181.1,0.3531529137561,6,420.3057881888533,924.4963704,0.0817418914461321,FBC + Gluten + SPC,5.539899,7.019556714471968,5.0
2024-01-01 00:07:00,24.9348806,28.990393216666668,48.295701316666666,80.35656411666668,114.15208368333333,169.0365156,12.017753366666666,34.28254173333333,455.20757145,362.1444679,19.77377835,1.4702093,0.0328506,0.043661399999999996,907,265.0,181.1,0.3531529137561,7,420.4493055840928,899.0903052,0.0817418914461321,FBC + Gluten + SPC,6.1611367,6.747433841593315,6.5
2024-01-01 00:08:00,24.9338646,29.2214384,49.00484171666667,79.54334841666667,114.97929428333333,168.94345646666667,12.096568133333333,33.28721848333333,455.4131483666667,362.61350961666665,19.9135822,1.3314812833333332,0.14264376666666667,0.04362075,907,265.0,181.1,0.3531529137561,8,420.6391852725639,860.1013068000001,0.0817418914461321,FBC + Gluten + SPC,6.7823744,6.475310968714663,8.0
2024-01-01 00:09:00,24.9360998,29.874338899999998,48.479996566666664,78.9538586,114.91205288333335,168.19187246666667,12.15846705,33.531630416666665,455.35975583333334,362.2519566166667,19.69297123333333,1.4853827333333334,0.07335826666666666,0.037343683333333336,907,265.0,181.1,0.3531529137561,9,420.5898696307088,869.7353976,0.0817418914461321,FBC + Gluten + SPC,6.7823744,6.475310968714663,8.0
2024-01-01 00:00:00,23.934318800000003,28.9879548,46.157917966666666,79.71099026666666,100.61037878333333,161.85999933333332,12.020939416666666,32.4539223,455.4281747333334,362.2275273166667,21.23846896666667,1.4969660166666665,0.24723238333333333,0.03571835,908,274.0,150.3,0.3737095276568731,0,383.1762914400358,828.7407684000001,0.0817418914461321,FBC + Gluten + SPC,5.4839973,5.741714285714285,5.0
2024-01-01 00:01:00,23.932083600000002,28.988970783333333,47.3510615,78.95589068333334,102.6968886,160.81603236666666,12.090196350000001,32.200875716666665,455.45311261666666,363.3952461,21.243887649999998,1.4581179666666666,0.1498909,0.045957083333333336,908,274.0,150.3,0.3737095276568731,1,383.1972730265563,818.4121164000002,0.0817418914461321,FBC + Gluten + SPC,6.52710935,6.171519652599933,6.5
2024-01-01 00:02:00,23.931067600000002,28.9889708,46.45498476666667,79.25520763333333,102.89922183333333,159.48923116666668,12.162942466666667,32.91348981666667,455.4428817,362.0052211666667,21.564577016666664,1.61835305,0.08204971666666667,0.06352928333333334,908,274.0,150.3,0.3737095276568731,2,383.18866520445863,845.0551128000001,0.0817418914461321,FBC + Gluten + SPC,7.5702214,6.601325019485581,8.0
2024-01-01 00:03:00,23.932489999999998,28.987548383333333,47.251294333333334,80.59898453333334,108.88694548333334,164.20435418333332,12.27847175,31.714591700000003,455.4690984333334,362.2617282666667,22.171275366666666,1.4862971999999999,0.12552485,0.04934971666666667,908,274.0,150.3,0.3737095276568731,3,383.2107227564715,800.7086532000001,0.0817418914461321,FBC + Gluten + SPC,7.2626602,6.2513783687736275,8.0
2024-01-01 00:04:00,23.9308644,29.639636066666665,47.00583836666667,80.13873115,106.53715696666667,158.7146882,12.291822533333335,31.33984716666667,455.4511943333334,363.1314100166667,21.546864216666666,1.4469073666666667,0.0707956,0.03766848333333333,908,274.0,150.3,0.3737095276568731,4,383.1956590713063,788.807496,0.0817418914461321,FBC + Gluten + SPC,6.955099,5.901431718061674,8.0
2024-01-01 00:05:00,23.9339124,29.978177016666667,47.81657461666667,80.03956838333333,103.92429518333333,159.09261313333334,12.61004055,32.41643766666667,455.44831690000007,362.5890804666667,21.950968666666665,1.5143408,0.3425130333333334,0.04022828333333333,908,274.0,150.3,0.3737095276568731,5,383.19323813142006,827.5896672,0.0817418914461321,FBC + Gluten + SPC,6.8887725,6.0507627193869755,7.0
2024-01-01 00:06:00,23.9333028,29.00380488333333,48.245919416666666,80.95154073333333,103.7757955,160.64982643333332,12.421764783333334,32.726676233333336,455.4169847,364.38463136666667,22.068014016666666,1.3951552166666665,0.16616455,0.04591633333333333,908,274.0,150.3,0.3737095276568731,6,383.166876661347,838.9718652,0.0817418914461321,FBC + Gluten + SPC,6.822446,6.200093720712277,6.0
2024-01-01 00:07:00,23.931473999999998,28.989783616666667,48.03459968333333,81.23968156666666,104.52682568333333,161.0340504,12.1403374,31.478204933333334,455.4323310333333,363.8496303666667,22.4933194,1.2903301666666667,0.13452456666666668,0.03898913333333333,908,274.0,150.3,0.3737095276568731,7,383.17978835943705,788.3314488000001,0.0817418914461321,FBC + Gluten + SPC,7.10997135,6.316214525026798,7.5
2024-01-01 00:08:00,23.934318800000003,28.988158,48.743739966666666,80.95072793333334,102.89840916666667,159.08529843333332,12.081851949999999,31.180359783333333,455.4192226833333,363.8007719,21.98442945,1.4928338333333333,0.061707816666666665,0.036612283333333336,908,274.0,150.3,0.3737095276568731,8,383.1687595974532,781.4014608,0.0817418914461321,FBC + Gluten + SPC,7.3974967,6.432335329341317,9.0
2024-01-01 00:09:00,23.9341156,28.9887676,46.264797,80.25354050000001,103.91779471666668,157.88386296666667,11.598494749999999,32.38139111666667,455.41698463333336,364.14278151666673,22.0744487,1.5541033166666667,0.09549646666666667,0.0443115,908,274.0,150.3,0.3737095276568731,9,383.16687660525673,827.4726084,0.0817418914461321,FBC + Gluten + SPC,7.3974967,6.432335329341317,9.0
2024-01-01 00:00:00,23.9330996,29.520557349999997,44.24913251666667,80.24033233333333,111.46100804999999,150.51920913333333,12.1703005,32.5632269,350.83810823333334,361.9392621,21.3075583,1.4117850333333335,0.08841643333333332,0.03925328333333333,909,286.0,126.4,0.3696879399441462,0,202.93168484998017,762.4462068,0.0817418914461321,FBC + Gluten + SPC,6.6635885,6.425028184892898,7.0
2024-01-01 00:01:00,23.933709200000003,28.988361233333332,44.56814386666667,81.86513841666667,109.8874391,151.21552473333335,12.1966987,32.354166416666665,350.90428851666667,363.5515933666667,21.9877484,1.66150235,0.25722708333333333,0.03742491666666667,909,286.0,126.4,0.3696879399441462,1,202.96996483178802,756.109332,0.0817418914461321,FBC + Gluten + SPC,7.11690495,5.801706422487123,7.5
2024-01-01 00:02:00,23.933506,28.989377216666664,44.38323913333333,81.95657938333333,109.37713645000001,148.73300835,12.386643266666665,32.275946266666665,350.7725673833334,362.4669340666667,21.7093595,1.4195409833333335,0.12739178333333334,0.043661433333333326,909,286.0,126.4,0.3696879399441462,2,202.89377472903016,749.5227204,0.0817418914461321,FBC + Gluten + SPC,7.5702214,5.178384660081348,8.0
2024-01-01 00:03:00,23.9330996,29.722747266666666,44.42936373333334,80.05602784999999,108.26877228333333,148.90916993333335,12.231213266666666,32.51568545,350.8381082166667,361.68275478333334,20.79633185,1.5958639000000001,0.22560491666666666,0.04465678333333333,909,286.0,126.4,0.3696879399441462,3,202.93168484033987,761.3068236,0.0817418914461321,FBC + Gluten + SPC,7.254458700000001,5.66948294106899,8.5
2024-01-01 00:04:00,23.9339124,29.571765316666664,45.43943108333334,79.80791778333334,110.29129353333333,151.74868288333334,12.09232035,32.40241891666667,350.99061073333337,362.38876055000003,22.4230116,1.2798646333333332,0.03180271666666667,0.03657158333333333,909,286.0,126.4,0.3696879399441462,4,203.01989530529437,756.0547068,0.0817418914461321,FBC + Gluten + SPC,6.938696,6.160581222056632,9.0
2024-01-01 00:05:00,23.935538,28.923335266666665,44.95420861666666,81.4859628,111.96338813333334,146.85761011666668,11.7781229,31.246491199999998,351.4110314333333,362.5695368666667,22.666347416666667,1.3762563,0.16503736666666666,0.03679513333333333,909,286.0,126.4,0.3696879399441462,5,203.26307493428743,706.6278468,0.0817418914461321,FBC + Gluten + SPC,6.8063987,5.488290611028316,8.0
2024-01-01 00:06:00,23.9333028,28.790235399999997,46.04311448333333,81.1078032,109.06327605,143.2984176,11.44223045,31.06892185,351.40303861666666,363.41723245,22.403842066666666,1.3703290833333335,0.02419455,0.04368166666666666,909,286.0,126.4,0.3696879399441462,6,203.25845173140613,700.4314476000001,0.0817418914461321,FBC + Gluten + SPC,6.6741014,4.816,7.0
2024-01-01 00:07:00,23.9347252,28.9887676,45.9260758,79.97129240000001,107.45253198333333,145.08502308333334,11.432217416666667,31.478814616666668,351.3470890666667,361.8097869333333,22.389143633333333,1.6386746333333333,0.06441131666666666,0.04301138333333333,909,286.0,126.4,0.3696879399441462,7,203.22608940764013,717.2218283999999,0.0817418914461321,FBC + Gluten + SPC,6.66884495,5.546834951456311,7.0
2024-01-01 00:08:00,23.9318804,28.9899868,46.49237213333333,81.21428128333334,108.7295073,144.5772637,11.4193219,31.398054950000002,351.26652185,363.78611421666665,21.964888116666668,1.529311,0.06932501666666666,0.036023099999999995,909,286.0,126.4,0.3696879399441462,8,203.17948773969653,713.8777956,0.0817418914461321,FBC + Gluten + SPC,6.6635885,6.2776699029126215,7.0
2024-01-01 00:09:00,23.932489999999998,28.987548399999998,46.92456168333334,82.1987966,111.62982246666667,145.21221699999998,11.563373166666667,31.034688,351.3825771,364.5458644333333,21.977994733333333,1.6666166166666665,0.10522706666666666,0.0396594,909,286.0,126.4,0.3696879399441462,9,203.24661638640137,698.6326152,0.0817418914461321,FBC + Gluten + SPC,6.6635885,6.2776699029126215,7.0
